TransactionID,CustomerID,Amount,Date
299,5319685a4930a7f09b07583b,225,4/1/2016
296,5319685c4930a7f09b075843,896,4/1/2016
395,5319685c4930a7f09b075843,641,5/1/2016
510,5319685c4930a7f09b075843,537,6/1/2016
644,5319685c4930a7f09b075843,785,7/1/2016
295,53286368152dad0b00000006,1084,4/1/2016
48,535894e54de1c10b00000005,4,1/1/2016
84,535ff477d7d6a60b00000002,1266,2/1/2016
153,535ff477d7d6a60b00000002,2821,3/1/2016
12,536426066d63770b00000004,450,1/1/2016
59,536426066d63770b00000004,67,2/1/2016
294,5386ccdea41c0c0b00000002,1323,4/1/2016
394,5386ccdea41c0c0b00000002,5075,5/1/2016
509,5386ccdea41c0c0b00000002,1928,6/1/2016
643,5386ccdea41c0c0b00000002,533,7/1/2016
789,5386ccdea41c0c0b00000002,775,8/1/2016
40,53961db899ebe00b00000001,15,1/1/2016
76,53961db899ebe00b00000001,50,2/1/2016
196,53ab3ffca94dcd0b00000004,68,3/1/2016
280,53ab3ffca94dcd0b00000004,104,4/1/2016
384,53ab3ffca94dcd0b00000004,118,5/1/2016
502,53ab3ffca94dcd0b00000004,118,6/1/2016
636,53ab3ffca94dcd0b00000004,111,7/1/2016
782,53ab3ffca94dcd0b00000004,159,8/1/2016
867,53ce99da94107b0b00000006,1747,8/1/2016
44,5423815d1e65150b00f553b7,11,1/1/2016
239,5423815d1e65150b00f553b7,39,4/1/2016
346,5423815d1e65150b00f553b7,34,5/1/2016
465,5423815d1e65150b00f553b7,30,6/1/2016
601,5423815d1e65150b00f553b7,42,7/1/2016
116,542a4711aeacb40b00fcd0d5,11,2/1/2016
7,5431ef1221e22c0b001aeed8,35,1/1/2016
55,5431ef1221e22c0b001aeed8,62,2/1/2016
126,5431ef1221e22c0b001aeed8,68,3/1/2016
217,5431ef1221e22c0b001aeed8,16,4/1/2016
326,5431ef1221e22c0b001aeed8,7,5/1/2016
50,544d4589fe28c00b002b030b,3,1/1/2016
350,544d4589fe28c00b002b030b,4,5/1/2016
467,544d4589fe28c00b002b030b,8,6/1/2016
603,544d4589fe28c00b002b030b,27,7/1/2016
752,544d4589fe28c00b002b030b,20,8/1/2016
420,545d01da6a7c2d0b0075b916,375,5/1/2016
531,545d01da6a7c2d0b0075b916,780,6/1/2016
664,545d01da6a7c2d0b0075b916,388,7/1/2016
809,545d01da6a7c2d0b0075b916,481,8/1/2016
435,545d451b0a3d420b0098514f,53,5/1/2016
542,545d451b0a3d420b0098514f,132,6/1/2016
673,545d451b0a3d420b0098514f,64,7/1/2016
817,545d451b0a3d420b0098514f,48,8/1/2016
5,5464c71d78aae90b00b83715,387,1/1/2016
53,5464c71d78aae90b00b83715,32,2/1/2016
122,5464c71d78aae90b00b83715,20,3/1/2016
214,5464c71d78aae90b00b83715,28,4/1/2016
322,5464c71d78aae90b00b83715,26,5/1/2016
317,546d00b1df0c900b00ac2aed,12,4/1/2016
414,546d00b1df0c900b00ac2aed,47,5/1/2016
527,546d00b1df0c900b00ac2aed,68,6/1/2016
660,546d00b1df0c900b00ac2aed,197,7/1/2016
805,546d00b1df0c900b00ac2aed,148,8/1/2016
557,54abfd64d89d700b002eb3b7,125,6/1/2016
684,54abfd64d89d700b002eb3b7,473,7/1/2016
827,54abfd64d89d700b002eb3b7,544,8/1/2016
10,54b29d7994d0520b006361ec,648,1/1/2016
219,54b29d7994d0520b006361ec,21,4/1/2016
583,54b29d7994d0520b006361ec,10,7/1/2016
9,54b4208963fca30b007e787c,761,1/1/2016
11,54b6568e86e51c0b004ea969,543,1/1/2016
58,54b6568e86e51c0b004ea969,648,2/1/2016
128,54b6568e86e51c0b004ea969,286,3/1/2016
220,54b6568e86e51c0b004ea969,311,4/1/2016
328,54b6568e86e51c0b004ea969,517,5/1/2016
449,54b6568e86e51c0b004ea969,557,6/1/2016
584,54b6568e86e51c0b004ea969,563,7/1/2016
735,54b6568e86e51c0b004ea969,396,8/1/2016
24,54c2c78a9efb480c00e76b2d,93,1/1/2016
66,54c2c78a9efb480c00e76b2d,65,2/1/2016
6,54c686f94405270c0078d256,175,1/1/2016
123,54c686f94405270c0078d256,54,3/1/2016
323,54c686f94405270c0078d256,52,5/1/2016
445,54c686f94405270c0078d256,64,6/1/2016
580,54c686f94405270c0078d256,80,7/1/2016
22,54d9eebde9aa430c0047483c,95,1/1/2016
226,54d9eebde9aa430c0047483c,20,4/1/2016
56,54dcb67302dd410c00bf0b3c,3,2/1/2016
86,54e6272687aba70c001486d0,533,2/1/2016
155,54e6272687aba70c001486d0,3037,3/1/2016
245,54e6272687aba70c001486d0,2242,4/1/2016
353,54e6272687aba70c001486d0,1343,5/1/2016
471,54e6272687aba70c001486d0,2015,6/1/2016
607,54e6272687aba70c001486d0,1563,7/1/2016
756,54e6272687aba70c001486d0,1647,8/1/2016
121,54f10523ee377a1100ad6b21,1130,3/1/2016
213,54f10523ee377a1100ad6b21,336,4/1/2016
321,54f10523ee377a1100ad6b21,184,5/1/2016
444,54f10523ee377a1100ad6b21,329,6/1/2016
579,54f10523ee377a1100ad6b21,329,7/1/2016
732,54f10523ee377a1100ad6b21,206,8/1/2016
1,54f240249b561b11003a57f3,718,1/1/2016
725,54f36c6c0f2fb61100568368,29,7/1/2016
861,54f36c6c0f2fb61100568368,91,8/1/2016
4,54f65bfd70c4fa1100829f6b,3,1/1/2016
418,5500d3ded5afd71100510edc,556,5/1/2016
530,5500d3ded5afd71100510edc,1863,6/1/2016
663,5500d3ded5afd71100510edc,2570,7/1/2016
808,5500d3ded5afd71100510edc,1779,8/1/2016
298,550b30dcabf6bb1100a81db6,284,4/1/2016
397,550b30dcabf6bb1100a81db6,342,5/1/2016
512,550b30dcabf6bb1100a81db6,301,6/1/2016
646,550b30dcabf6bb1100a81db6,434,7/1/2016
791,550b30dcabf6bb1100a81db6,491,8/1/2016
705,553c3a1562068511001a5544,600,7/1/2016
843,553c3a1562068511001a5544,274,8/1/2016
34,554c7f8a001c6b11007c87a3,40,1/1/2016
234,554c7f8a001c6b11007c87a3,28,4/1/2016
341,554c7f8a001c6b11007c87a3,10,5/1/2016
460,554c7f8a001c6b11007c87a3,25,6/1/2016
595,554c7f8a001c6b11007c87a3,76,7/1/2016
746,554c7f8a001c6b11007c87a3,33,8/1/2016
108,5561e8ab723e691100258f6b,18,2/1/2016
54,5562ffd102ad1d11003d0cce,752,2/1/2016
125,5562ffd102ad1d11003d0cce,170,3/1/2016
215,5562ffd102ad1d11003d0cce,117,4/1/2016
324,5562ffd102ad1d11003d0cce,156,5/1/2016
447,5562ffd102ad1d11003d0cce,170,6/1/2016
581,5562ffd102ad1d11003d0cce,203,7/1/2016
578,5563792f5e90da1100dcca70,3,6/1/2016
124,557330595adf341100fa03b3,3,3/1/2016
446,557330595adf341100fa03b3,76,6/1/2016
733,557330595adf341100fa03b3,40,8/1/2016
572,55771c84a3cb0411004dbcea,26,6/1/2016
696,55771c84a3cb0411004dbcea,202,7/1/2016
837,55771c84a3cb0411004dbcea,110,8/1/2016
562,557aeffd34ba6a110037343c,86,6/1/2016
46,557fae2b8088521100099d85,8,1/1/2016
80,557fae2b8088521100099d85,3,2/1/2016
149,557fae2b8088521100099d85,7,3/1/2016
240,557fae2b8088521100099d85,13,4/1/2016
347,557fae2b8088521100099d85,25,5/1/2016
20,55803af13da1e411008e4858,110,1/1/2016
87,5586024c16e4f91100ec022b,158,2/1/2016
8,558c5f866180680e00419041,771,1/1/2016
57,558c5f866180680e00419041,148,2/1/2016
127,558c5f866180680e00419041,83,3/1/2016
218,558c5f866180680e00419041,116,4/1/2016
327,558c5f866180680e00419041,300,5/1/2016
51,5591167e230b620e0036df77,3,1/1/2016
468,5591167e230b620e0036df77,24,6/1/2016
604,5591167e230b620e0036df77,73,7/1/2016
753,5591167e230b620e0036df77,51,8/1/2016
437,5591b40d5594af0e00c736c0,34,5/1/2016
36,559bf676f3c0c10e00c3c2be,36,1/1/2016
143,559bf676f3c0c10e00c3c2be,69,3/1/2016
236,559bf676f3c0c10e00c3c2be,350,4/1/2016
597,559bf676f3c0c10e00c3c2be,55,7/1/2016
748,559bf676f3c0c10e00c3c2be,204,8/1/2016
103,55a416e635d68b0e00730b4b,24,2/1/2016
168,55a416e635d68b0e00730b4b,258,3/1/2016
258,55a416e635d68b0e00730b4b,288,4/1/2016
365,55a416e635d68b0e00730b4b,237,5/1/2016
483,55a416e635d68b0e00730b4b,334,6/1/2016
618,55a416e635d68b0e00730b4b,166,7/1/2016
766,55a416e635d68b0e00730b4b,45,8/1/2016
304,55a73fc8f522b60e0077d86d,93,4/1/2016
401,55a73fc8f522b60e0077d86d,125,5/1/2016
516,55a73fc8f522b60e0077d86d,154,6/1/2016
649,55a73fc8f522b60e0077d86d,105,7/1/2016
795,55a73fc8f522b60e0077d86d,101,8/1/2016
724,55a84d21c258c80e006fa160,35,7/1/2016
860,55a84d21c258c80e006fa160,102,8/1/2016
16,55c2a19b5aaeae0e007551d0,187,1/1/2016
216,55ca280297159e0e00b914c6,40,4/1/2016
325,55ca280297159e0e00b914c6,54,5/1/2016
448,55ca280297159e0e00b914c6,23,6/1/2016
582,55ca280297159e0e00b914c6,35,7/1/2016
734,55ca280297159e0e00b914c6,57,8/1/2016
113,55cdcef0f1acf00e00025b0b,12,2/1/2016
175,55cdcef0f1acf00e00025b0b,117,3/1/2016
263,55cdcef0f1acf00e00025b0b,214,4/1/2016
369,55cdcef0f1acf00e00025b0b,191,5/1/2016
487,55cdcef0f1acf00e00025b0b,173,6/1/2016
623,55cdcef0f1acf00e00025b0b,69,7/1/2016
770,55cdcef0f1acf00e00025b0b,66,8/1/2016
198,55d726513ba7170e007d3a4c,49,3/1/2016
282,55d726513ba7170e007d3a4c,81,4/1/2016
386,55d726513ba7170e007d3a4c,61,5/1/2016
442,55d8aba7443a5b0e00b594ff,20,5/1/2016
546,55d8aba7443a5b0e00b594ff,163,6/1/2016
676,55d8aba7443a5b0e00b594ff,40,7/1/2016
27,55e4d31aca6a900e002881ba,76,1/1/2016
202,55e9ed882485450e0045e9e4,26,3/1/2016
286,55e9ed882485450e0045e9e4,256,4/1/2016
390,55e9ed882485450e0045e9e4,194,5/1/2016
507,55e9ed882485450e0045e9e4,161,6/1/2016
641,55e9ed882485450e0045e9e4,185,7/1/2016
787,55e9ed882485450e0045e9e4,213,8/1/2016
23,55f1f840b02d180e00ac1554,93,1/1/2016
65,55f1f840b02d180e00ac1554,227,2/1/2016
134,55f1f840b02d180e00ac1554,308,3/1/2016
227,55f1f840b02d180e00ac1554,436,4/1/2016
334,55f1f840b02d180e00ac1554,415,5/1/2016
454,55f1f840b02d180e00ac1554,560,6/1/2016
589,55f1f840b02d180e00ac1554,402,7/1/2016
740,55f1f840b02d180e00ac1554,373,8/1/2016
3,55f490a45341f00e002c46c2,73,1/1/2016
30,55f85fde25522a0e00e4a53f,57,1/1/2016
71,55f85fde25522a0e00e4a53f,168,2/1/2016
102,560019430133990e00689fee,27,2/1/2016
167,560019430133990e00689fee,37,3/1/2016
257,560019430133990e00689fee,51,4/1/2016
364,560019430133990e00689fee,87,5/1/2016
482,560019430133990e00689fee,105,6/1/2016
617,560019430133990e00689fee,102,7/1/2016
765,560019430133990e00689fee,89,8/1/2016
2,56094fb3d157b40e009e8062,65,1/1/2016
52,56094fb3d157b40e009e8062,59,2/1/2016
120,56094fb3d157b40e009e8062,193,3/1/2016
212,56094fb3d157b40e009e8062,3,4/1/2016
707,561480a25962470e007bdbce,200,7/1/2016
845,561480a25962470e007bdbce,152,8/1/2016
308,56241ad629c9f80e003a0478,45,4/1/2016
405,56241ad629c9f80e003a0478,105,5/1/2016
519,56241ad629c9f80e003a0478,93,6/1/2016
653,56241ad629c9f80e003a0478,105,7/1/2016
799,56241ad629c9f80e003a0478,140,8/1/2016
91,563cdfdb704bc60e0017ac09,107,2/1/2016
159,563cdfdb704bc60e0017ac09,125,3/1/2016
249,563cdfdb704bc60e0017ac09,166,4/1/2016
357,563cdfdb704bc60e0017ac09,131,5/1/2016
475,563cdfdb704bc60e0017ac09,210,6/1/2016
611,563cdfdb704bc60e0017ac09,219,7/1/2016
759,563cdfdb704bc60e0017ac09,91,8/1/2016
35,563e8387e0bf270e000d1585,38,1/1/2016
74,563e8387e0bf270e000d1585,110,2/1/2016
142,563e8387e0bf270e000d1585,204,3/1/2016
235,563e8387e0bf270e000d1585,185,4/1/2016
342,563e8387e0bf270e000d1585,239,5/1/2016
461,563e8387e0bf270e000d1585,203,6/1/2016
596,563e8387e0bf270e000d1585,292,7/1/2016
747,563e8387e0bf270e000d1585,287,8/1/2016
119,5640c1ad0c2a140e008ea559,6,2/1/2016
180,5640c1ad0c2a140e008ea559,33,3/1/2016
268,5640c1ad0c2a140e008ea559,218,4/1/2016
373,5640c1ad0c2a140e008ea559,279,5/1/2016
492,5640c1ad0c2a140e008ea559,262,6/1/2016
627,5640c1ad0c2a140e008ea559,176,7/1/2016
773,5640c1ad0c2a140e008ea559,269,8/1/2016
441,5640fc46c19fa60e00508fa2,21,5/1/2016
31,564351d6b06ee10e00fc2db6,48,1/1/2016
72,564351d6b06ee10e00fc2db6,98,2/1/2016
139,564351d6b06ee10e00fc2db6,136,3/1/2016
232,564351d6b06ee10e00fc2db6,156,4/1/2016
339,564351d6b06ee10e00fc2db6,335,5/1/2016
105,564b8257f5dab60e00c1053a,21,2/1/2016
170,564b8257f5dab60e00c1053a,99,3/1/2016
260,564b8257f5dab60e00c1053a,124,4/1/2016
367,564b8257f5dab60e00c1053a,139,5/1/2016
485,564b8257f5dab60e00c1053a,180,6/1/2016
620,564b8257f5dab60e00c1053a,140,7/1/2016
768,564b8257f5dab60e00c1053a,133,8/1/2016
207,564d43d2bd570a0e003bc4b2,15,3/1/2016
290,564d43d2bd570a0e003bc4b2,63,4/1/2016
26,565393cf966cb00e00fa1421,78,1/1/2016
68,565393cf966cb00e00fa1421,39,2/1/2016
136,565393cf966cb00e00fa1421,94,3/1/2016
229,565393cf966cb00e00fa1421,43,4/1/2016
336,565393cf966cb00e00fa1421,85,5/1/2016
456,565393cf966cb00e00fa1421,151,6/1/2016
591,565393cf966cb00e00fa1421,128,7/1/2016
742,565393cf966cb00e00fa1421,64,8/1/2016
186,5657217738703e0e00df38e3,232,3/1/2016
199,565f17e779d9aa0e0016e357,45,3/1/2016
283,565f17e779d9aa0e0016e357,132,4/1/2016
387,565f17e779d9aa0e0016e357,251,5/1/2016
504,565f17e779d9aa0e0016e357,462,6/1/2016
638,565f17e779d9aa0e0016e357,420,7/1/2016
784,565f17e779d9aa0e0016e357,624,8/1/2016
98,5667188872b2ee0e0006fe9e,39,2/1/2016
163,5667188872b2ee0e0006fe9e,61,3/1/2016
253,5667188872b2ee0e0006fe9e,78,4/1/2016
360,5667188872b2ee0e0006fe9e,10,5/1/2016
478,5667188872b2ee0e0006fe9e,111,6/1/2016
45,566c764b2f101e0e00e70a13,11,1/1/2016
111,566d8bd987f4020e00df5c4c,15,2/1/2016
37,5674c66c6be5580e0060d2f2,25,1/1/2016
13,5676aabd01c19d0e00859029,364,1/1/2016
60,5676aabd01c19d0e00859029,1783,2/1/2016
104,5678ad8010becc0e00737d08,24,2/1/2016
169,5678ad8010becc0e00737d08,35,3/1/2016
259,5678ad8010becc0e00737d08,47,4/1/2016
366,5678ad8010becc0e00737d08,57,5/1/2016
484,5678ad8010becc0e00737d08,51,6/1/2016
619,5678ad8010becc0e00737d08,66,7/1/2016
767,5678ad8010becc0e00737d08,38,8/1/2016
21,567951ab10becc0e007396d2,95,1/1/2016
133,567951ab10becc0e007396d2,77,3/1/2016
225,567951ab10becc0e007396d2,30,4/1/2016
333,567951ab10becc0e007396d2,68,5/1/2016
453,567951ab10becc0e007396d2,74,6/1/2016
588,567951ab10becc0e007396d2,153,7/1/2016
739,567951ab10becc0e007396d2,50,8/1/2016
39,567b286eb7daad0e0067a1a8,17,1/1/2016
75,567b286eb7daad0e0067a1a8,21,2/1/2016
145,567b286eb7daad0e0067a1a8,38,3/1/2016
343,567b286eb7daad0e0067a1a8,50,5/1/2016
462,567b286eb7daad0e0067a1a8,121,6/1/2016
598,567b286eb7daad0e0067a1a8,58,7/1/2016
749,567b286eb7daad0e0067a1a8,54,8/1/2016
29,567efdb66bb60c20004b4753,60,1/1/2016
70,567efdb66bb60c20004b4753,24,2/1/2016
138,567efdb66bb60c20004b4753,40,3/1/2016
231,567efdb66bb60c20004b4753,17,4/1/2016
338,567efdb66bb60c20004b4753,70,5/1/2016
458,567efdb66bb60c20004b4753,95,6/1/2016
593,567efdb66bb60c20004b4753,3,7/1/2016
744,567efdb66bb60c20004b4753,24,8/1/2016
88,567fe72e9b5d2a0e00112210,141,2/1/2016
156,567fe72e9b5d2a0e00112210,67,3/1/2016
246,567fe72e9b5d2a0e00112210,72,4/1/2016
354,567fe72e9b5d2a0e00112210,78,5/1/2016
472,567fe72e9b5d2a0e00112210,42,6/1/2016
608,567fe72e9b5d2a0e00112210,110,7/1/2016
757,567fe72e9b5d2a0e00112210,176,8/1/2016
28,5680a838f8b0ff2200e70cd1,63,1/1/2016
69,5680a838f8b0ff2200e70cd1,156,2/1/2016
137,5680a838f8b0ff2200e70cd1,157,3/1/2016
230,5680a838f8b0ff2200e70cd1,214,4/1/2016
337,5680a838f8b0ff2200e70cd1,256,5/1/2016
457,5680a838f8b0ff2200e70cd1,292,6/1/2016
592,5680a838f8b0ff2200e70cd1,208,7/1/2016
743,5680a838f8b0ff2200e70cd1,1421,8/1/2016
38,56816844f699a30e007de8a7,24,1/1/2016
144,56816844f699a30e007de8a7,41,3/1/2016
18,568263a28c44560e008e00dd,169,1/1/2016
14,56838f537bdc560e001e4d85,332,1/1/2016
61,56838f537bdc560e001e4d85,720,2/1/2016
129,56838f537bdc560e001e4d85,881,3/1/2016
221,56838f537bdc560e001e4d85,1403,4/1/2016
329,56838f537bdc560e001e4d85,1146,5/1/2016
450,56838f537bdc560e001e4d85,1104,6/1/2016
585,56838f537bdc560e001e4d85,1793,7/1/2016
736,56838f537bdc560e001e4d85,2470,8/1/2016
97,5683a3d02e5cd40e00327ccb,44,2/1/2016
162,5683a3d02e5cd40e00327ccb,21,3/1/2016
252,5683a3d02e5cd40e00327ccb,197,4/1/2016
19,5685b37629018b0e0027e9b6,135,1/1/2016
64,5685b37629018b0e0027e9b6,153,2/1/2016
132,5685b37629018b0e0027e9b6,210,3/1/2016
224,5685b37629018b0e0027e9b6,178,4/1/2016
332,5685b37629018b0e0027e9b6,939,5/1/2016
25,56891f741198ad0e00052121,85,1/1/2016
67,56891f741198ad0e00052121,234,2/1/2016
135,56891f741198ad0e00052121,238,3/1/2016
228,56891f741198ad0e00052121,342,4/1/2016
335,56891f741198ad0e00052121,407,5/1/2016
455,56891f741198ad0e00052121,522,6/1/2016
590,56891f741198ad0e00052121,739,7/1/2016
741,56891f741198ad0e00052121,711,8/1/2016
107,5689b583dfceef0e000620a6,18,2/1/2016
172,5689b583dfceef0e000620a6,70,3/1/2016
262,5689b583dfceef0e000620a6,56,4/1/2016
368,5689b583dfceef0e000620a6,19,5/1/2016
769,5689b583dfceef0e000620a6,37,8/1/2016
42,568fca8dac4b1a0e00ef0f06,11,1/1/2016
78,568fca8dac4b1a0e00ef0f06,57,2/1/2016
147,568fca8dac4b1a0e00ef0f06,44,3/1/2016
237,568fca8dac4b1a0e00ef0f06,64,4/1/2016
344,568fca8dac4b1a0e00ef0f06,51,5/1/2016
463,568fca8dac4b1a0e00ef0f06,47,6/1/2016
599,568fca8dac4b1a0e00ef0f06,40,7/1/2016
750,568fca8dac4b1a0e00ef0f06,53,8/1/2016
41,56913d071d184d0e00e5a31d,12,1/1/2016
77,56913d071d184d0e00e5a31d,37,2/1/2016
146,56913d071d184d0e00e5a31d,231,3/1/2016
33,5691739b1d184d0e00e5a8fb,40,1/1/2016
141,5691739b1d184d0e00e5a8fb,201,3/1/2016
204,5691a7411d184d0e00e5aef1,23,3/1/2016
288,5691a7411d184d0e00e5aef1,93,4/1/2016
391,5691a7411d184d0e00e5aef1,177,5/1/2016
43,5696d3fa99ebdd0e004db00b,11,1/1/2016
79,5696d3fa99ebdd0e004db00b,34,2/1/2016
148,5696d3fa99ebdd0e004db00b,89,3/1/2016
238,5696d3fa99ebdd0e004db00b,99,4/1/2016
345,5696d3fa99ebdd0e004db00b,98,5/1/2016
464,5696d3fa99ebdd0e004db00b,84,6/1/2016
600,5696d3fa99ebdd0e004db00b,81,7/1/2016
751,5696d3fa99ebdd0e004db00b,132,8/1/2016
49,5697db48af4c100e0069903a,3,1/1/2016
82,5697db48af4c100e0069903a,39,2/1/2016
151,5697db48af4c100e0069903a,139,3/1/2016
242,5697db48af4c100e0069903a,124,4/1/2016
349,5697db48af4c100e0069903a,501,5/1/2016
109,5697fcadf46f8e0e00dcc1d0,16,2/1/2016
173,5697fcadf46f8e0e00dcc1d0,3,3/1/2016
17,5698082baf4c100e0069962a,174,1/1/2016
63,5698082baf4c100e0069962a,185,2/1/2016
131,5698082baf4c100e0069962a,380,3/1/2016
223,5698082baf4c100e0069962a,1049,4/1/2016
331,5698082baf4c100e0069962a,813,5/1/2016
452,5698082baf4c100e0069962a,1089,6/1/2016
587,5698082baf4c100e0069962a,1509,7/1/2016
738,5698082baf4c100e0069962a,1857,8/1/2016
205,569a0042ca20640e000d17d2,19,3/1/2016
289,569a0042ca20640e000d17d2,84,4/1/2016
392,569a0042ca20640e000d17d2,68,5/1/2016
47,569b24fa6f1be70e004bb19e,5,1/1/2016
81,569b24fa6f1be70e004bb19e,106,2/1/2016
150,569b24fa6f1be70e004bb19e,207,3/1/2016
241,569b24fa6f1be70e004bb19e,165,4/1/2016
348,569b24fa6f1be70e004bb19e,256,5/1/2016
466,569b24fa6f1be70e004bb19e,328,6/1/2016
602,569b24fa6f1be70e004bb19e,968,7/1/2016
15,569ce725d55a5a0e0062ae06,218,1/1/2016
62,569ce725d55a5a0e0062ae06,2057,2/1/2016
130,569ce725d55a5a0e0062ae06,2108,3/1/2016
222,569ce725d55a5a0e0062ae06,2698,4/1/2016
330,569ce725d55a5a0e0062ae06,5098,5/1/2016
451,569ce725d55a5a0e0062ae06,6297,6/1/2016
586,569ce725d55a5a0e0062ae06,7600,7/1/2016
737,569ce725d55a5a0e0062ae06,14714,8/1/2016
181,569e2e51ee83580e00f4dfe1,1295,3/1/2016
269,569e2e51ee83580e00f4dfe1,2078,4/1/2016
374,569e2e51ee83580e00f4dfe1,3207,5/1/2016
493,569e2e51ee83580e00f4dfe1,5266,6/1/2016
628,569e2e51ee83580e00f4dfe1,5184,7/1/2016
774,569e2e51ee83580e00f4dfe1,5754,8/1/2016
100,569e478c0ea8cc0e004a5641,35,2/1/2016
165,569e478c0ea8cc0e004a5641,36,3/1/2016
255,569e478c0ea8cc0e004a5641,84,4/1/2016
362,569e478c0ea8cc0e004a5641,93,5/1/2016
480,569e478c0ea8cc0e004a5641,78,6/1/2016
615,569e478c0ea8cc0e004a5641,97,7/1/2016
763,569e478c0ea8cc0e004a5641,152,8/1/2016
436,569e98e80524680e00b41250,42,5/1/2016
543,569e98e80524680e00b41250,42,6/1/2016
674,569e98e80524680e00b41250,59,7/1/2016
92,569f64795404840e003b6e80,89,2/1/2016
32,56a02c06390b3a0e0017261a,43,1/1/2016
73,56a02c06390b3a0e0017261a,436,2/1/2016
140,56a02c06390b3a0e0017261a,865,3/1/2016
233,56a02c06390b3a0e0017261a,390,4/1/2016
340,56a02c06390b3a0e0017261a,239,5/1/2016
459,56a02c06390b3a0e0017261a,345,6/1/2016
594,56a02c06390b3a0e0017261a,709,7/1/2016
745,56a02c06390b3a0e0017261a,109,8/1/2016
83,56a2473cd658df0e0012c559,2598,2/1/2016
152,56a2473cd658df0e0012c559,2466,3/1/2016
243,56a2473cd658df0e0012c559,3635,4/1/2016
351,56a2473cd658df0e0012c559,2263,5/1/2016
469,56a2473cd658df0e0012c559,2343,6/1/2016
605,56a2473cd658df0e0012c559,2885,7/1/2016
754,56a2473cd658df0e0012c559,3989,8/1/2016
89,56a33733345a920e00855434,119,2/1/2016
157,56a33733345a920e00855434,125,3/1/2016
247,56a33733345a920e00855434,230,4/1/2016
355,56a33733345a920e00855434,186,5/1/2016
473,56a33733345a920e00855434,251,6/1/2016
609,56a33733345a920e00855434,124,7/1/2016
110,56a4d7e659465a0e00c341ef,15,2/1/2016
174,56a4d7e659465a0e00c341ef,16,3/1/2016
486,56a4d7e659465a0e00c341ef,274,6/1/2016
622,56a4d7e659465a0e00c341ef,490,7/1/2016
95,56a5a28df1ed010e009f6812,74,2/1/2016
161,56a5a28df1ed010e009f6812,77,3/1/2016
251,56a5a28df1ed010e009f6812,77,4/1/2016
359,56a5a28df1ed010e009f6812,31,5/1/2016
477,56a5a28df1ed010e009f6812,66,6/1/2016
613,56a5a28df1ed010e009f6812,50,7/1/2016
761,56a5a28df1ed010e009f6812,37,8/1/2016
192,56a5a909d227220e00f148e4,110,3/1/2016
277,56a5a909d227220e00f148e4,100,4/1/2016
381,56a5a909d227220e00f148e4,282,5/1/2016
499,56a5a909d227220e00f148e4,161,6/1/2016
634,56a5a909d227220e00f148e4,54,7/1/2016
780,56a5a909d227220e00f148e4,70,8/1/2016
93,56a65412f1ed010e009f7dbb,86,2/1/2016
194,56a69b47fa35d70e00539ad6,80,3/1/2016
730,56a72db1fa35d70e0053a9ba,15,7/1/2016
865,56a72db1fa35d70e0053a9ba,784,8/1/2016
85,56a736e13a078d0e0086ec1c,552,2/1/2016
154,56a736e13a078d0e0086ec1c,2841,3/1/2016
244,56a736e13a078d0e0086ec1c,6133,4/1/2016
352,56a736e13a078d0e0086ec1c,2746,5/1/2016
470,56a736e13a078d0e0086ec1c,4829,6/1/2016
606,56a736e13a078d0e0086ec1c,6736,7/1/2016
755,56a736e13a078d0e0086ec1c,4774,8/1/2016
118,56aab7a828d3ca0e0087dd8f,6,2/1/2016
179,56aab7a828d3ca0e0087dd8f,58,3/1/2016
267,56aab7a828d3ca0e0087dd8f,54,4/1/2016
372,56aab7a828d3ca0e0087dd8f,41,5/1/2016
491,56aab7a828d3ca0e0087dd8f,171,6/1/2016
195,56af82bfe8c7bf0e0008b9bb,77,3/1/2016
279,56af82bfe8c7bf0e0008b9bb,16,4/1/2016
383,56af82bfe8c7bf0e0008b9bb,17,5/1/2016
501,56af82bfe8c7bf0e0008b9bb,76,6/1/2016
635,56af82bfe8c7bf0e0008b9bb,21,7/1/2016
781,56af82bfe8c7bf0e0008b9bb,21,8/1/2016
90,56b0ef853ec6470e0020dd54,110,2/1/2016
158,56b0ef853ec6470e0020dd54,266,3/1/2016
248,56b0ef853ec6470e0020dd54,330,4/1/2016
356,56b0ef853ec6470e0020dd54,489,5/1/2016
474,56b0ef853ec6470e0020dd54,468,6/1/2016
610,56b0ef853ec6470e0020dd54,814,7/1/2016
758,56b0ef853ec6470e0020dd54,1023,8/1/2016
897,56b2851fd637b40e008e5fe9,5,8/1/2016
112,56b520de6b7ef80e002981d0,15,2/1/2016
106,56b52b136b7ef80e0029829c,20,2/1/2016
171,56b52b136b7ef80e0029829c,36,3/1/2016
261,56b52b136b7ef80e0029829c,15,4/1/2016
621,56b52b136b7ef80e0029829c,32,7/1/2016
96,56b8e7a08fb10a0e006665f8,73,2/1/2016
190,56ba0d433ab3d40e006fd521,123,3/1/2016
275,56ba0d433ab3d40e006fd521,81,4/1/2016
380,56ba0d433ab3d40e006fd521,196,5/1/2016
498,56ba0d433ab3d40e006fd521,269,6/1/2016
633,56ba0d433ab3d40e006fd521,385,7/1/2016
779,56ba0d433ab3d40e006fd521,589,8/1/2016
417,56bb099b9af5af0e00e5f138,759,5/1/2016
101,56bc7646bd396e0e00b8a831,28,2/1/2016
166,56bc7646bd396e0e00b8a831,352,3/1/2016
256,56bc7646bd396e0e00b8a831,316,4/1/2016
363,56bc7646bd396e0e00b8a831,249,5/1/2016
481,56bc7646bd396e0e00b8a831,215,6/1/2016
616,56bc7646bd396e0e00b8a831,304,7/1/2016
764,56bc7646bd396e0e00b8a831,97,8/1/2016
115,56bdc1232b58220e006cdf61,12,2/1/2016
177,56bdc1232b58220e006cdf61,44,3/1/2016
265,56bdc1232b58220e006cdf61,58,4/1/2016
489,56bdc1232b58220e006cdf61,188,6/1/2016
625,56bdc1232b58220e006cdf61,91,7/1/2016
772,56bdc1232b58220e006cdf61,97,8/1/2016
94,56c21cbc2305ce0e00aaff83,74,2/1/2016
160,56c21cbc2305ce0e00aaff83,1148,3/1/2016
250,56c21cbc2305ce0e00aaff83,1119,4/1/2016
358,56c21cbc2305ce0e00aaff83,1174,5/1/2016
476,56c21cbc2305ce0e00aaff83,3037,6/1/2016
612,56c21cbc2305ce0e00aaff83,1934,7/1/2016
760,56c21cbc2305ce0e00aaff83,2006,8/1/2016
430,56c3577dae72850e0051464d,99,5/1/2016
539,56c3577dae72850e0051464d,231,6/1/2016
670,56c3577dae72850e0051464d,302,7/1/2016
114,56c5bb4a16f62e0e003ddfb5,12,2/1/2016
176,56c5bb4a16f62e0e003ddfb5,72,3/1/2016
264,56c5bb4a16f62e0e003ddfb5,113,4/1/2016
370,56c5bb4a16f62e0e003ddfb5,72,5/1/2016
488,56c5bb4a16f62e0e003ddfb5,61,6/1/2016
624,56c5bb4a16f62e0e003ddfb5,121,7/1/2016
771,56c5bb4a16f62e0e003ddfb5,52,8/1/2016
206,56c9e02317e4b30e007a1eef,17,3/1/2016
99,56cb4a0c2060c30e00ade287,38,2/1/2016
164,56cb4a0c2060c30e00ade287,179,3/1/2016
254,56cb4a0c2060c30e00ade287,226,4/1/2016
361,56cb4a0c2060c30e00ade287,242,5/1/2016
479,56cb4a0c2060c30e00ade287,316,6/1/2016
614,56cb4a0c2060c30e00ade287,345,7/1/2016
762,56cb4a0c2060c30e00ade287,303,8/1/2016
117,56cb51882060c30e00ade3fc,7,2/1/2016
178,56cb51882060c30e00ade3fc,105,3/1/2016
266,56cb51882060c30e00ade3fc,125,4/1/2016
371,56cb51882060c30e00ade3fc,151,5/1/2016
490,56cb51882060c30e00ade3fc,194,6/1/2016
626,56cb51882060c30e00ade3fc,445,7/1/2016
182,56ccf1afbc9e850e008f07df,1057,3/1/2016
188,56cf355bc3badd0e00cfb070,168,3/1/2016
274,56cf355bc3badd0e00cfb070,78,4/1/2016
379,56cf355bc3badd0e00cfb070,81,5/1/2016
210,56d2aca35fa9190e00c587cc,3,3/1/2016
293,56d2aca35fa9190e00c587cc,3,4/1/2016
189,56d62fa174db630e00b67dc5,145,3/1/2016
310,56d6dfb326b9c90e00d0c916,38,4/1/2016
407,56d6dfb326b9c90e00d0c916,134,5/1/2016
521,56d6dfb326b9c90e00d0c916,27,6/1/2016
197,56d7070575ad910e004e8fcb,60,3/1/2016
281,56d7070575ad910e004e8fcb,114,4/1/2016
385,56d7070575ad910e004e8fcb,83,5/1/2016
503,56d7070575ad910e004e8fcb,109,6/1/2016
637,56d7070575ad910e004e8fcb,138,7/1/2016
783,56d7070575ad910e004e8fcb,83,8/1/2016
203,56d73806c5bf970e008466e6,24,3/1/2016
287,56d73806c5bf970e008466e6,81,4/1/2016
193,56d78b1a6571350e00cc295c,82,3/1/2016
278,56d78b1a6571350e00cc295c,296,4/1/2016
382,56d78b1a6571350e00cc295c,186,5/1/2016
500,56d78b1a6571350e00cc295c,118,6/1/2016
185,56d9f4002788bc0e002bb6cc,301,3/1/2016
272,56d9f4002788bc0e002bb6cc,817,4/1/2016
377,56d9f4002788bc0e002bb6cc,1135,5/1/2016
496,56d9f4002788bc0e002bb6cc,1018,6/1/2016
631,56d9f4002788bc0e002bb6cc,900,7/1/2016
777,56d9f4002788bc0e002bb6cc,599,8/1/2016
208,56dc43ace44ffe0e00845e1d,12,3/1/2016
291,56dc43ace44ffe0e00845e1d,35,4/1/2016
393,56dc43ace44ffe0e00845e1d,37,5/1/2016
508,56dc43ace44ffe0e00845e1d,35,6/1/2016
642,56dc43ace44ffe0e00845e1d,45,7/1/2016
788,56dc43ace44ffe0e00845e1d,74,8/1/2016
183,56dee91cb2a0920e00f2f5b6,720,3/1/2016
270,56dee91cb2a0920e00f2f5b6,1129,4/1/2016
375,56dee91cb2a0920e00f2f5b6,1023,5/1/2016
494,56dee91cb2a0920e00f2f5b6,1637,6/1/2016
629,56dee91cb2a0920e00f2f5b6,1654,7/1/2016
775,56dee91cb2a0920e00f2f5b6,1234,8/1/2016
422,56e0490205c9ac0e00689712,286,5/1/2016
532,56e0490205c9ac0e00689712,547,6/1/2016
665,56e0490205c9ac0e00689712,626,7/1/2016
810,56e0490205c9ac0e00689712,516,8/1/2016
191,56e45e551a08920e00c7712f,120,3/1/2016
276,56e45e551a08920e00c7712f,1304,4/1/2016
187,56e6cb5f768d440e0021aded,198,3/1/2016
273,56e6cb5f768d440e0021aded,371,4/1/2016
378,56e6cb5f768d440e0021aded,394,5/1/2016
497,56e6cb5f768d440e0021aded,583,6/1/2016
632,56e6cb5f768d440e0021aded,596,7/1/2016
778,56e6cb5f768d440e0021aded,1510,8/1/2016
297,56e731083b13790e00468a74,342,4/1/2016
396,56e731083b13790e00468a74,330,5/1/2016
511,56e731083b13790e00468a74,973,6/1/2016
645,56e731083b13790e00468a74,354,7/1/2016
790,56e731083b13790e00468a74,203,8/1/2016
309,56e74a493b13790e00468e48,40,4/1/2016
406,56e74a493b13790e00468e48,92,5/1/2016
520,56e74a493b13790e00468e48,42,6/1/2016
654,56e74a493b13790e00468e48,60,7/1/2016
800,56e74a493b13790e00468e48,103,8/1/2016
184,56e7d7363b352c0e00b7cf24,585,3/1/2016
271,56e7d7363b352c0e00b7cf24,851,4/1/2016
376,56e7d7363b352c0e00b7cf24,704,5/1/2016
495,56e7d7363b352c0e00b7cf24,652,6/1/2016
630,56e7d7363b352c0e00b7cf24,1015,7/1/2016
776,56e7d7363b352c0e00b7cf24,624,8/1/2016
200,56e8182b4bc27d0e009a8946,43,3/1/2016
284,56e8182b4bc27d0e009a8946,152,4/1/2016
388,56e8182b4bc27d0e009a8946,186,5/1/2016
505,56e8182b4bc27d0e009a8946,157,6/1/2016
639,56e8182b4bc27d0e009a8946,347,7/1/2016
785,56e8182b4bc27d0e009a8946,128,8/1/2016
201,56e883b81c2f910e000e0a80,28,3/1/2016
285,56e883b81c2f910e000e0a80,100,4/1/2016
389,56e883b81c2f910e000e0a80,85,5/1/2016
506,56e883b81c2f910e000e0a80,100,6/1/2016
640,56e883b81c2f910e000e0a80,100,7/1/2016
786,56e883b81c2f910e000e0a80,90,8/1/2016
305,56e9e1f0ad59730e006eb9f5,85,4/1/2016
402,56e9e1f0ad59730e006eb9f5,121,5/1/2016
517,56e9e1f0ad59730e006eb9f5,116,6/1/2016
650,56e9e1f0ad59730e006eb9f5,72,7/1/2016
796,56e9e1f0ad59730e006eb9f5,145,8/1/2016
211,56eaccb47f6cf30e004dad40,3,3/1/2016
443,56ef7ad6cfb2930e006d9526,13,5/1/2016
819,56ef7ad6cfb2930e006d9526,16,8/1/2016
209,56f0c055caa4950e003464bb,9,3/1/2016
292,56f0c055caa4950e003464bb,55,4/1/2016
434,56f6f2b812ddd60e00cc7f50,56,5/1/2016
541,56f6f2b812ddd60e00cc7f50,75,6/1/2016
672,56f6f2b812ddd60e00cc7f50,75,7/1/2016
816,56f6f2b812ddd60e00cc7f50,100,8/1/2016
314,56f8b35dc4a23f0e002e2f80,14,4/1/2016
411,56f8b35dc4a23f0e002e2f80,33,5/1/2016
524,56f8b35dc4a23f0e002e2f80,36,6/1/2016
657,56f8b35dc4a23f0e002e2f80,50,7/1/2016
802,56f8b35dc4a23f0e002e2f80,39,8/1/2016
301,56fa99ac2295b10e00e0ec80,170,4/1/2016
399,56fa99ac2295b10e00e0ec80,90,5/1/2016
514,56fa99ac2295b10e00e0ec80,155,6/1/2016
648,56fa99ac2295b10e00e0ec80,174,7/1/2016
793,56fa99ac2295b10e00e0ec80,146,8/1/2016
307,56fbd7facf0beb0e002abfb4,47,4/1/2016
404,56fbd7facf0beb0e002abfb4,10,5/1/2016
652,56fbd7facf0beb0e002abfb4,7,7/1/2016
798,56fbd7facf0beb0e002abfb4,3,8/1/2016
312,56fc03d7fbba230e0030ade0,21,4/1/2016
409,56fc03d7fbba230e0030ade0,336,5/1/2016
311,57012e391707300e0036ce89,34,4/1/2016
408,57012e391707300e0036ce89,233,5/1/2016
522,57012e391707300e0036ce89,143,6/1/2016
655,57012e391707300e0036ce89,124,7/1/2016
306,5701c23a6aafcd0e00b53798,63,4/1/2016
403,5701c23a6aafcd0e00b53798,326,5/1/2016
518,5701c23a6aafcd0e00b53798,349,6/1/2016
651,5701c23a6aafcd0e00b53798,292,7/1/2016
797,5701c23a6aafcd0e00b53798,419,8/1/2016
319,5702ea1dbef9fd0e00579f69,5,4/1/2016
416,5702ea1dbef9fd0e00579f69,45,5/1/2016
529,5702ea1dbef9fd0e00579f69,44,6/1/2016
662,5702ea1dbef9fd0e00579f69,33,7/1/2016
807,5702ea1dbef9fd0e00579f69,41,8/1/2016
425,570328fbb426d80e008a86a4,210,5/1/2016
535,570328fbb426d80e008a86a4,631,6/1/2016
887,570588b5264ad10e000ac63a,45,8/1/2016
303,5706d94a0b13e40e00b69e89,111,4/1/2016
300,570cf1ca41b9cd0e0087f124,210,4/1/2016
398,570cf1ca41b9cd0e0087f124,413,5/1/2016
513,570cf1ca41b9cd0e0087f124,140,6/1/2016
647,570cf1ca41b9cd0e0087f124,173,7/1/2016
792,570cf1ca41b9cd0e0087f124,276,8/1/2016
432,570ea3f1fc83700e0038df43,62,5/1/2016
423,570f3f62fc83700e0038f45b,233,5/1/2016
533,570f3f62fc83700e0038f45b,359,6/1/2016
316,570f72c6bf2a540e00c54b14,12,4/1/2016
413,570f72c6bf2a540e00c54b14,282,5/1/2016
526,570f72c6bf2a540e00c54b14,356,6/1/2016
659,570f72c6bf2a540e00c54b14,1589,7/1/2016
804,570f72c6bf2a540e00c54b14,2333,8/1/2016
320,57145d6144f8ba0e00d096c9,4,4/1/2016
302,5714e99c44f8ba0e00d0aa09,118,4/1/2016
400,5714e99c44f8ba0e00d0aa09,435,5/1/2016
515,5714e99c44f8ba0e00d0aa09,2327,6/1/2016
794,5714e99c44f8ba0e00d0aa09,21,8/1/2016
315,571908781974390e0030e308,13,4/1/2016
412,571908781974390e0030e308,163,5/1/2016
525,571908781974390e0030e308,165,6/1/2016
658,571908781974390e0030e308,176,7/1/2016
803,571908781974390e0030e308,429,8/1/2016
313,5719090a1974390e0030e322,21,4/1/2016
410,5719090a1974390e0030e322,83,5/1/2016
523,5719090a1974390e0030e322,138,6/1/2016
656,5719090a1974390e0030e322,129,7/1/2016
801,5719090a1974390e0030e322,223,8/1/2016
431,571b8d727ed9f60e00ec3f25,66,5/1/2016
318,571c04db9c07400e00481d24,10,4/1/2016
415,571c04db9c07400e00481d24,8,5/1/2016
528,571c04db9c07400e00481d24,85,6/1/2016
661,571c04db9c07400e00481d24,231,7/1/2016
806,571c04db9c07400e00481d24,10,8/1/2016
429,571f3dff3cae7c0e00a0327d,102,5/1/2016
538,571f3dff3cae7c0e00a0327d,557,6/1/2016
669,571f3dff3cae7c0e00a0327d,1193,7/1/2016
814,571f3dff3cae7c0e00a0327d,1792,8/1/2016
428,5721033a48517f0e00d40ef5,106,5/1/2016
537,5721033a48517f0e00d40ef5,135,6/1/2016
668,5721033a48517f0e00d40ef5,311,7/1/2016
813,5721033a48517f0e00d40ef5,262,8/1/2016
438,57210c03ae8da60e0055bc1e,32,5/1/2016
544,57210c03ae8da60e0055bc1e,156,6/1/2016
426,57217283ae8da60e0055d784,195,5/1/2016
536,57217283ae8da60e0055d784,679,6/1/2016
667,57217283ae8da60e0055d784,479,7/1/2016
812,57217283ae8da60e0055d784,458,8/1/2016
565,5721a66cae8da60e0055e014,52,6/1/2016
690,5721a66cae8da60e0055e014,148,7/1/2016
832,5721a66cae8da60e0055e014,101,8/1/2016
419,5721b15248517f0e00d436b2,511,5/1/2016
872,57265fc65c241f0e00d84378,656,8/1/2016
439,5727330e2d11620e00fce27d,29,5/1/2016
545,5727330e2d11620e00fce27d,1044,6/1/2016
675,5727330e2d11620e00fce27d,2032,7/1/2016
818,5727330e2d11620e00fce27d,3520,8/1/2016
427,572e3a31c5dde80e00af3500,150,5/1/2016
552,5730814d7286610e0098fa2e,194,6/1/2016
681,5730814d7286610e0098fa2e,186,7/1/2016
824,5730814d7286610e0098fa2e,1942,8/1/2016
719,57321c96254c830e005becb8,43,7/1/2016
856,57321c96254c830e005becb8,55,8/1/2016
440,573371a89193370e001fb2bb,26,5/1/2016
421,57362e84fcef3b0e0055a91e,330,5/1/2016
433,5737b6c027ddee0e002bd80f,56,5/1/2016
540,5737b6c027ddee0e002bd80f,138,6/1/2016
671,5737b6c027ddee0e002bd80f,151,7/1/2016
815,5737b6c027ddee0e002bd80f,130,8/1/2016
886,5737d2e627ddee0e002bd9f5,49,8/1/2016
558,5739491c8f8af80e00c1a611,120,6/1/2016
553,573b2acd515d5a0e0076def3,181,6/1/2016
682,573b2acd515d5a0e0076def3,515,7/1/2016
825,573b2acd515d5a0e0076def3,651,8/1/2016
577,573c82fbf48a2b0e008353ff,6,6/1/2016
701,573c82fbf48a2b0e008353ff,9,7/1/2016
424,573c8d35f48a2b0e00835503,210,5/1/2016
534,573c8d35f48a2b0e00835503,1503,6/1/2016
666,573c8d35f48a2b0e00835503,1012,7/1/2016
811,573c8d35f48a2b0e00835503,989,8/1/2016
576,57423c4c57d57c0e00f9b8f0,7,6/1/2016
700,57423c4c57d57c0e00f9b8f0,28,7/1/2016
840,57423c4c57d57c0e00f9b8f0,10,8/1/2016
569,5742746401cb9a0e0046d725,39,6/1/2016
693,5742746401cb9a0e0046d725,38,7/1/2016
834,5742746401cb9a0e0046d725,92,8/1/2016
547,57431bbe16aea80e0015e4fd,694,6/1/2016
677,57431bbe16aea80e0015e4fd,854,7/1/2016
820,57431bbe16aea80e0015e4fd,834,8/1/2016
550,574491c1407c6d0e002b4978,225,6/1/2016
679,574491c1407c6d0e002b4978,316,7/1/2016
822,574491c1407c6d0e002b4978,621,8/1/2016
564,5747420a6788800e00ae5c2a,72,6/1/2016
689,5747420a6788800e00ae5c2a,109,7/1/2016
831,5747420a6788800e00ae5c2a,25,8/1/2016
560,574906fd426f3d0e00efe394,95,6/1/2016
686,574906fd426f3d0e00efe394,471,7/1/2016
548,574908a826a63a0e0099b0f3,654,6/1/2016
678,574908a826a63a0e0099b0f3,807,7/1/2016
821,574908a826a63a0e0099b0f3,1043,8/1/2016
549,5749e24f61b5930e0019cb56,574,6/1/2016
559,574cde48267d3c0e005ea658,119,6/1/2016
685,574cde48267d3c0e005ea658,871,7/1/2016
828,574cde48267d3c0e005ea658,1303,8/1/2016
561,574e167952e2000e003aae2a,86,6/1/2016
687,574e167952e2000e003aae2a,294,7/1/2016
829,574e167952e2000e003aae2a,229,8/1/2016
571,574fe67e8181a40e003a222a,27,6/1/2016
695,574fe67e8181a40e003a222a,51,7/1/2016
836,574fe67e8181a40e003a222a,15,8/1/2016
563,57506c9b3677890e009f693f,84,6/1/2016
688,57506c9b3677890e009f693f,233,7/1/2016
830,57506c9b3677890e009f693f,436,8/1/2016
555,5751011fdb16850e004adae2,151,6/1/2016
683,5751011fdb16850e004adae2,295,7/1/2016
826,5751011fdb16850e004adae2,308,8/1/2016
893,5751a2985627010e0061853f,13,8/1/2016
556,575386690115560e00ea53de,131,6/1/2016
568,5753fbf68830390e00b6a624,42,6/1/2016
714,575441ab0dfbe90e003aa474,77,7/1/2016
712,575461370dfbe90e003aa6a2,139,7/1/2016
850,575461370dfbe90e003aa6a2,179,8/1/2016
566,575527c36c10460e00b569c2,47,6/1/2016
691,575527c36c10460e00b569c2,7,7/1/2016
573,5759b09f96def90e0018ac74,24,6/1/2016
697,5759b09f96def90e0018ac74,104,7/1/2016
838,5759b09f96def90e0018ac74,74,8/1/2016
554,575ab3cef2d3b60e0044da7f,160,6/1/2016
720,575af3b0f2d3b60e0044e8cf,39,7/1/2016
857,575af3b0f2d3b60e0044e8cf,63,8/1/2016
575,575d8823f72ef80e003cc29e,13,6/1/2016
699,575d8823f72ef80e003cc29e,75,7/1/2016
839,575d8823f72ef80e003cc29e,104,8/1/2016
551,575eee247120950e0018665d,223,6/1/2016
680,575eee247120950e0018665d,535,7/1/2016
823,575eee247120950e0018665d,474,8/1/2016
574,575f370b986aa60e00c311c0,13,6/1/2016
698,575f370b986aa60e00c311c0,88,7/1/2016
718,57607b92e364c30e007d790b,51,7/1/2016
855,57607b92e364c30e007d790b,107,8/1/2016
570,576136860b290e0e006ecfc4,33,6/1/2016
694,576136860b290e0e006ecfc4,194,7/1/2016
835,576136860b290e0e006ecfc4,436,8/1/2016
567,57630acbf116cc0e00b69dce,46,6/1/2016
692,57630acbf116cc0e00b69dce,463,7/1/2016
833,57630acbf116cc0e00b69dce,1188,8/1/2016
716,576ae60b6f3d340e0032d8b1,68,7/1/2016
853,576ae60b6f3d340e0032d8b1,114,8/1/2016
727,576b74506f3d340e0032e2f5,26,7/1/2016
717,576ebc87618bfa0e00ab4e13,52,7/1/2016
854,576ebc87618bfa0e00ab4e13,42,8/1/2016
710,577000c9aa1de60e00ff3d84,150,7/1/2016
848,577000c9aa1de60e00ff3d84,172,8/1/2016
723,577012d38a731a0e00e83b47,36,7/1/2016
704,5770ee1daa1de60e00ff5670,648,7/1/2016
842,5770ee1daa1de60e00ff5670,461,8/1/2016
702,57731ae66d4c190e00c78793,2000,7/1/2016
841,57731ae66d4c190e00c78793,1466,8/1/2016
709,5773e05660c0230e00e03bde,159,7/1/2016
847,5773e05660c0230e00e03bde,485,8/1/2016
711,5773f8c70180ec0e00a0c4d3,139,7/1/2016
849,5773f8c70180ec0e00a0c4d3,186,8/1/2016
706,57750f9d8af7f60e00b577f3,294,7/1/2016
844,57750f9d8af7f60e00b577f3,759,8/1/2016
882,577d4cc470142b0e00159aff,125,8/1/2016
715,577e374488a3820e00d775ec,71,7/1/2016
852,577e374488a3820e00d775ec,184,8/1/2016
721,57810ee6179f670e0019364b,39,7/1/2016
858,57810ee6179f670e0019364b,7,8/1/2016
870,57839656e8850b0e00745677,1157,8/1/2016
722,57876e0eb31bc50e0015efb9,36,7/1/2016
859,57876e0eb31bc50e0015efb9,556,8/1/2016
726,5787be62bdd1620e00aa87b4,28,7/1/2016
862,5787be62bdd1620e00aa87b4,309,8/1/2016
713,5787df430e41ab0e0090b886,88,7/1/2016
851,5787df430e41ab0e0090b886,427,8/1/2016
869,5788f07a0e41ab0e0090fb96,1332,8/1/2016
895,57894297d98b3a0e00670f16,12,8/1/2016
729,578962a8d98b3a0e006714f0,21,7/1/2016
864,578962a8d98b3a0e006714f0,77,8/1/2016
703,578ae8766ebf310e00b34a53,1500,7/1/2016
728,578aed9a3e897e0e00fbafe1,21,7/1/2016
863,578aed9a3e897e0e00fbafe1,91,8/1/2016
874,578b91907e5f980e007fedca,478,8/1/2016
892,578c67c80f72a70e00637725,19,8/1/2016
881,578cd172603d680e00b1a9ff,159,8/1/2016
885,578ea6dd7b00c30e00dc5240,59,8/1/2016
708,578fc58d5a14cd0e00c3e840,190,7/1/2016
846,578fc58d5a14cd0e00c3e840,410,8/1/2016
873,578fe0e25a14cd0e00c3ef8d,573,8/1/2016
876,57900d7e2162da0e00e84209,254,8/1/2016
731,5790a0aa43b89d0e0056c68c,8,7/1/2016
866,5790a0aa43b89d0e0056c68c,44,8/1/2016
878,57917d7b732d7c0e00ee78b1,196,8/1/2016
871,579246af86376b0e001cd352,950,8/1/2016
868,5792707350db960e00dc1b4e,1434,8/1/2016
880,579391bf50db960e00dc3c13,167,8/1/2016
879,5797a6b0fbeed70e00faa0ba,185,8/1/2016
877,579938432c44fc0e0024911b,222,8/1/2016
875,57a0956107ffd00e00921f87,360,8/1/2016
888,57a23fb499da9c0e003b236d,33,8/1/2016
894,57a4aa5c4d319c0e00845a72,12,8/1/2016
898,57a60d83b594970e00b1f07f,5,8/1/2016
884,57a9981c62495c0e009e1b7e,84,8/1/2016
889,57aabffcd338b90e00fbb886,29,8/1/2016
896,57ab66fa26fd6a0e0027939b,7,8/1/2016
891,57ac36c137eb560e00a25125,23,8/1/2016
883,57acdf8c57c2370e0042a033,90,8/1/2016
890,57b2f1fcc705670e00b467bc,28,8/1/2016
